Id,ClusterId
0,12
1,12
2,12
3,12
4,12
5,12
6,12
7,12
8,12
9,12
10,12
11,12
12,12
13,12
14,12
15,12
16,12
17,12
18,12
19,12
20,12
21,12
22,12
23,12
24,12
25,12
26,12
27,12
28,12
29,12
30,12
31,12
32,12
33,12
34,12
35,12
36,12
37,12
38,12
39,12
40,12
41,12
42,12
43,12
44,12
45,12
46,12
47,12
48,12
49,12
50,12
51,12
52,12
53,12
54,12
55,12
56,12
57,12
58,12
59,12
60,12
61,12
62,12
63,12
64,12
65,12
66,12
67,12
68,12
69,12
70,12
71,12
72,12
73,12
74,12
75,12
76,12
77,8
78,12
79,12
80,12
81,12
82,12
83,12
84,12
85,12
86,12
87,12
88,12
89,12
90,12
91,12
92,12
93,12
94,12
95,13
96,12
97,12
98,12
99,12
100,12
101,12
102,12
103,12
104,12
105,12
106,12
107,12
108,12
109,12
110,12
111,12
112,12
113,12
114,12
115,12
116,12
117,12
118,12
119,12
120,12
121,12
122,12
123,12
124,12
125,12
126,12
127,12
128,12
129,12
130,12
131,12
132,12
133,12
134,12
135,12
136,12
137,12
138,12
139,12
140,12
141,12
142,12
143,12
144,12
145,12
146,12
147,12
148,12
149,12
150,12
151,12
152,12
153,12
154,12
155,12
156,12
157,12
158,12
159,12
160,12
161,12
162,12
163,12
164,12
165,12
166,12
167,12
168,12
169,12
170,12
171,12
172,8
173,0
174,12
175,12
176,12
177,12
178,12
179,12
180,12
181,12
182,12
183,12
184,12
185,12
186,12
187,12
188,12
189,12
190,12
191,12
192,12
193,12
194,12
195,12
196,12
197,12
198,12
199,12
200,12
201,12
202,12
203,12
204,12
205,12
206,12
207,12
208,12
209,12
210,12
211,12
212,12
213,12
214,12
215,12
216,12
217,12
218,12
219,12
220,12
221,12
222,12
223,12
224,12
225,12
226,12
227,12
228,12
229,12
230,12
231,12
232,12
233,12
234,12
235,12
236,12
237,12
238,12
239,12
240,12
241,12
242,12
243,12
244,12
245,12
246,12
247,12
248,12
249,12
250,12
251,12
252,12
253,12
254,12
255,12
256,12
257,12
258,12
259,12
260,12
261,12
262,12
263,12
264,12
265,12
266,12
267,12
268,12
269,12
270,12
271,12
272,12
273,12
274,12
275,12
276,12
277,13
278,12
279,12
280,12
281,13
282,12
283,12
284,12
285,12
286,12
287,12
288,12
289,12
290,12
291,12
292,12
293,12
294,12
295,12
296,12
297,12
298,12
299,12
300,4
301,3
302,14
303,3
304,3
305,4
306,3
307,14
308,14
309,3
310,14
311,3
312,3
313,4
314,4
315,14
316,3
317,4
318,3
319,3
320,4
321,3
322,3
323,3
324,14
325,14
326,3
327,3
328,3
329,3
330,3
331,4
332,3
333,3
334,3
335,3
336,3
337,3
338,3
339,4
340,3
341,3
342,3
343,3
344,3
345,14
346,14
347,4
348,3
349,3
350,3
351,4
352,3
353,14
354,4
355,3
356,3
357,3
358,3
359,3
360,3
361,3
362,3
363,3
364,3
365,3
366,4
367,3
368,3
369,3
370,3
371,3
372,4
373,3
374,3
375,3
376,3
377,3
378,3
379,14
380,4
381,3
382,3
383,3
384,3
385,3
386,4
387,3
388,4
389,3
390,3
391,14
392,3
393,3
394,3
395,14
396,3
397,4
398,3
399,3
400,3
401,14
402,4
403,3
404,3
405,3
406,3
407,3
408,14
409,3
410,3
411,3
412,4
413,14
414,3
415,3
416,14
417,3
418,3
419,3
420,3
421,3
422,3
423,3
424,3
425,4
426,3
427,3
428,4
429,3
430,4
431,4
432,4
433,3
434,3
435,3
436,3
437,3
438,3
439,3
440,4
441,3
442,3
443,3
444,3
445,3
446,4
447,4
448,3
449,3
450,3
451,3
452,3
453,14
454,4
455,14
456,14
457,3
458,3
459,3
460,3
461,14
462,3
463,3
464,4
465,3
466,3
467,3
468,3
469,3
470,4
471,4
472,3
473,4
474,3
475,3
476,3
477,4
478,3
479,3
480,3
481,3
482,4
483,3
484,3
485,3
486,4
487,14
488,3
489,4
490,14
491,3
492,3
493,3
494,3
495,3
496,4
497,3
498,3
499,4
500,3
501,3
502,4
503,3
504,3
505,4
506,4
507,3
508,14
509,3
510,4
511,4
512,3
513,3
514,14
515,4
516,3
517,3
518,3
519,3
520,3
521,3
522,3
523,3
524,3
525,3
526,3
527,4
528,3
529,3
530,3
531,4
532,3
533,3
534,3
535,4
536,4
537,4
538,3
539,4
540,14
541,3
542,3
543,3
544,14
545,3
546,3
547,3
548,3
549,3
550,3
551,3
552,3
553,3
554,14
555,3
556,3
557,3
558,14
559,4
560,14
561,3
562,14
563,4
564,3
565,3
566,3
567,4
568,3
569,3
570,3
571,3
572,14
573,4
574,3
575,3
576,3
577,4
578,3
579,3
580,3
581,14
582,3
583,3
584,3
585,3
586,14
587,3
588,3
589,3
590,4
591,3
592,4
593,3
594,14
595,3
596,3
597,3
598,4
599,3
600,3
601,3
602,3
603,3
604,3
605,3
606,3
607,3
608,3
609,3
610,3
611,3
612,4
613,3
614,3
615,3
616,14
617,2
618,2
619,2
620,2
621,2
622,2
623,2
624,2
625,6
626,6
627,6
628,2
629,2
630,2
631,2
632,2
633,2
634,2
635,2
636,2
637,2
638,2
639,2
640,6
641,2
642,2
643,2
644,6
645,6
646,6
647,2
648,2
649,2
650,6
651,6
652,2
653,2
654,2
655,6
656,2
657,2
658,2
659,2
660,2
661,2
662,6
663,2
664,2
665,2
666,2
667,2
668,6
669,6
670,2
671,6
672,6
673,6
674,2
675,2
676,2
677,2
678,2
679,2
680,2
681,2
682,2
683,2
684,2
685,2
686,6
687,6
688,2
689,6
690,2
691,6
692,2
693,2
694,2
695,2
696,2
697,6
698,6
699,2
700,2
701,2
702,6
703,2
704,2
705,6
706,2
707,2
708,2
709,6
710,2
711,2
712,2
713,2
714,6
715,2
716,2
717,2
718,2
719,2
720,2
721,2
722,2
723,2
724,6
725,2
726,2
727,2
728,2
729,6
730,2
731,2
732,2
733,2
734,2
735,2
736,2
737,2
738,6
739,2
740,2
741,6
742,6
743,2
744,2
745,2
746,2
747,2
748,6
749,6
750,2
751,2
752,2
753,2
754,2
755,6
756,2
757,2
758,2
759,2
760,2
761,2
762,2
763,2
764,2
765,6
766,2
767,2
768,2
769,2
770,2
771,2
772,2
773,2
774,2
775,2
776,6
777,2
778,2
779,2
780,6
781,2
782,2
783,2
784,2
785,2
786,2
787,2
788,2
789,2
790,2
791,2
792,2
793,2
794,2
795,2
796,2
797,2
798,6
799,6
800,2
801,2
802,6
803,2
804,2
805,2
806,2
807,2
808,6
809,2
810,2
811,2
812,2
813,2
814,2
815,6
816,6
817,2
818,6
819,6
820,2
821,2
822,6
823,2
824,2
825,2
826,2
827,2
828,2
829,2
830,2
831,6
832,2
833,2
834,2
835,2
836,2
837,6
838,6
839,2
840,2
841,2
842,2
843,6
844,2
845,2
846,2
847,2
848,2
849,2
850,2
851,6
852,2
853,2
854,2
855,2
856,6
857,6
858,2
859,6
860,6
861,2
862,2
863,2
864,2
865,2
866,2
867,2
868,2
869,2
870,2
871,2
872,2
873,2
874,2
875,2
876,2
877,2
878,2
879,2
880,2
881,2
882,2
883,6
884,6
885,6
886,2
887,2
888,6
889,6
890,2
891,2
892,2
893,6
894,6
895,2
896,2
897,6
898,2
899,6
900,2
901,2
902,2
903,2
904,2
905,6
906,2
907,2
908,2
909,2
910,2
911,2
912,6
913,2
914,2
915,6
916,2
917,6
918,2
919,2
920,2
921,2
922,6
923,2
924,6
925,2
926,6
927,2
928,6
929,2
930,2
931,2
932,14
933,14
934,14
935,14
936,14
937,14
938,14
939,14
940,14
941,14
942,14
943,14
944,14
945,14
946,14
947,14
948,14
949,14
950,14
951,14
952,14
953,14
954,14
955,14
956,14
957,14
958,5
959,14
960,14
961,14
962,14
963,14
964,14
965,14
966,14
967,14
968,14
969,14
970,14
971,14
972,14
973,14
974,14
975,14
976,14
977,14
978,14
979,14
980,14
981,14
982,14
983,14
984,14
985,14
986,14
987,14
988,14
989,14
990,14
991,14
992,14
993,14
994,14
995,14
996,14
997,3
998,14
999,14
1000,14
1001,14
1002,14
1003,14
1004,14
1005,14
1006,14
1007,14
1008,14
1009,13
1010,14
1011,13
1012,14
1013,14
1014,14
1015,13
1016,14
1017,13
1018,3
1019,14
1020,14
1021,13
1022,14
1023,14
1024,14
1025,14
1026,14
1027,14
1028,14
1029,14
1030,14
1031,14
1032,14
1033,14
1034,14
1035,14
1036,14
1037,14
1038,14
1039,14
1040,14
1041,13
1042,14
1043,14
1044,14
1045,14
1046,14
1047,14
1048,14
1049,14
1050,14
1051,14
1052,14
1053,14
1054,14
1055,14
1056,14
1057,14
1058,5
1059,14
1060,14
1061,14
1062,14
1063,14
1064,14
1065,14
1066,14
1067,14
1068,14
1069,13
1070,14
1071,14
1072,14
1073,14
1074,14
1075,14
1076,14
1077,14
1078,14
1079,14
1080,14
1081,14
1082,14
1083,14
1084,14
1085,14
1086,14
1087,14
1088,14
1089,14
1090,14
1091,14
1092,14
1093,14
1094,14
1095,14
1096,14
1097,14
1098,14
1099,14
1100,5
1101,14
1102,14
1103,14
1104,14
1105,14
1106,14
1107,14
1108,14
1109,14
1110,14
1111,14
1112,5
1113,14
1114,14
1115,14
1116,14
1117,14
1118,14
1119,14
1120,14
1121,14
1122,14
1123,14
1124,14
1125,14
1126,14
1127,14
1128,14
1129,14
1130,14
1131,14
1132,14
1133,14
1134,14
1135,14
1136,14
1137,14
1138,14
1139,14
1140,14
1141,14
1142,14
1143,14
1144,14
1145,14
1146,14
1147,14
1148,14
1149,14
1150,5
1151,14
1152,14
1153,14
1154,14
1155,14
1156,14
1157,14
1158,14
1159,14
1160,14
1161,14
1162,14
1163,14
1164,14
1165,14
1166,14
1167,14
1168,14
1169,14
1170,14
1171,14
1172,14
1173,14
1174,14
1175,14
1176,14
1177,14
1178,14
1179,14
1180,14
1181,14
1182,14
1183,14
1184,14
1185,14
1186,14
1187,14
1188,14
1189,14
1190,14
1191,14
1192,14
1193,14
1194,14
1195,14
1196,14
1197,14
1198,5
1199,14
1200,14
1201,14
1202,5
1203,14
1204,14
1205,14
1206,14
1207,14
1208,14
1209,5
1210,5
1211,14
1212,14
1213,14
1214,14
1215,14
1216,14
1217,14
1218,13
1219,14
1220,14
1221,14
1222,14
1223,14
1224,14
1225,14
1226,14
1227,14
1228,14
1229,5
1230,5
1231,14
1232,14
1233,14
1234,14
1235,14
1236,14
1237,13
1238,14
1239,14
1240,14
1241,14
1242,14
1243,14
1244,14
1245,14
1246,14
1247,14
1248,14
1249,14
1250,14
1251,14
1252,4
1253,4
1254,4
1255,4
1256,4
1257,4
1258,4
1259,4
1260,4
1261,4
1262,4
1263,4
1264,4
1265,4
1266,4
1267,4
1268,4
1269,4
1270,4
1271,4
1272,4
1273,4
1274,4
1275,4
1276,4
1277,4
1278,4
1279,4
1280,4
1281,4
1282,4
1283,4
1284,4
1285,4
1286,4
1287,4
1288,4
1289,4
1290,4
1291,13
1292,4
1293,4
1294,4
1295,4
1296,4
1297,4
1298,4
1299,4
1300,4
1301,4
1302,4
1303,4
1304,4
1305,4
1306,4
1307,4
1308,4
1309,4
1310,4
1311,4
1312,4
1313,4
1314,4
1315,4
1316,4
1317,4
1318,4
1319,4
1320,4
1321,4
1322,4
1323,4
1324,4
1325,4
1326,4
1327,4
1328,4
1329,4
1330,4
1331,4
1332,4
1333,4
1334,4
1335,4
1336,13
1337,4
1338,4
1339,4
1340,4
1341,4
1342,4
1343,4
1344,4
1345,4
1346,4
1347,4
1348,4
1349,4
1350,13
1351,4
1352,4
1353,4
1354,4
1355,4
1356,4
1357,4
1358,4
1359,4
1360,4
1361,4
1362,4
1363,4
1364,4
1365,4
1366,4
1367,4
1368,4
1369,4
1370,4
1371,4
1372,4
1373,4
1374,4
1375,4
1376,4
1377,4
1378,4
1379,4
1380,4
1381,4
1382,4
1383,4
1384,4
1385,4
1386,4
1387,4
1388,4
1389,4
1390,4
1391,4
1392,4
1393,4
1394,4
1395,4
1396,4
1397,4
1398,4
1399,4
1400,4
1401,4
1402,4
1403,4
1404,4
1405,4
1406,4
1407,4
1408,4
1409,4
1410,13
1411,4
1412,4
1413,4
1414,4
1415,4
1416,4
1417,4
1418,4
1419,4
1420,4
1421,4
1422,4
1423,4
1424,4
1425,4
1426,4
1427,4
1428,4
1429,4
1430,4
1431,4
1432,4
1433,4
1434,4
1435,4
1436,4
1437,4
1438,4
1439,4
1440,4
1441,4
1442,4
1443,4
1444,4
1445,4
1446,4
1447,4
1448,4
1449,4
1450,4
1451,4
1452,4
1453,4
1454,4
1455,4
1456,4
1457,4
1458,4
1459,4
1460,4
1461,4
1462,4
1463,4
1464,4
1465,4
1466,4
1467,4
1468,4
1469,4
1470,4
1471,4
1472,4
1473,4
1474,4
1475,4
1476,4
1477,4
1478,4
1479,4
1480,4
1481,4
1482,4
1483,4
1484,4
1485,4
1486,4
1487,4
1488,4
1489,4
1490,4
1491,4
1492,4
1493,4
1494,4
1495,4
1496,4
1497,4
1498,4
1499,4
1500,4
1501,4
1502,4
1503,4
1504,4
1505,4
1506,4
1507,4
1508,4
1509,4
1510,4
1511,4
1512,4
1513,4
1514,4
1515,4
1516,4
1517,4
1518,4
1519,4
1520,4
1521,4
1522,4
1523,4
1524,4
1525,4
1526,4
1527,4
1528,4
1529,4
1530,4
1531,4
1532,4
1533,4
1534,4
1535,4
1536,4
1537,4
1538,4
1539,4
1540,4
1541,4
1542,4
1543,4
1544,4
1545,4
1546,4
1547,4
1548,4
1549,4
1550,4
1551,4
1552,4
1553,4
1554,4
1555,4
1556,4
1557,4
1558,4
1559,4
1560,4
1561,4
1562,4
1563,4
1564,4
1565,4
1566,4
1567,4
1568,4
1569,4
1570,4
1571,4
1572,4
1573,5
1574,5
1575,5
1576,5
1577,5
1578,5
1579,5
1580,5
1581,5
1582,5
1583,5
1584,5
1585,5
1586,5
1587,5
1588,5
1589,5
1590,5
1591,5
1592,5
1593,5
1594,5
1595,5
1596,5
1597,5
1598,5
1599,5
1600,5
1601,5
1602,5
1603,5
1604,5
1605,5
1606,5
1607,5
1608,5
1609,5
1610,5
1611,5
1612,5
1613,5
1614,6
1615,5
1616,5
1617,5
1618,5
1619,5
1620,5
1621,6
1622,5
1623,5
1624,5
1625,5
1626,5
1627,5
1628,5
1629,5
1630,5
1631,5
1632,5
1633,5
1634,5
1635,5
1636,5
1637,5
1638,5
1639,5
1640,5
1641,5
1642,5
1643,5
1644,5
1645,5
1646,5
1647,5
1648,5
1649,5
1650,5
1651,5
1652,5
1653,5
1654,14
1655,5
1656,5
1657,5
1658,5
1659,5
1660,5
1661,5
1662,5
1663,5
1664,5
1665,5
1666,5
1667,5
1668,5
1669,5
1670,5
1671,5
1672,5
1673,5
1674,5
1675,5
1676,5
1677,5
1678,5
1679,5
1680,5
1681,5
1682,14
1683,5
1684,5
1685,5
1686,5
1687,5
1688,5
1689,5
1690,5
1691,5
1692,5
1693,5
1694,5
1695,5
1696,5
1697,5
1698,5
1699,5
1700,5
1701,5
1702,5
1703,5
1704,5
1705,5
1706,5
1707,5
1708,5
1709,5
1710,5
1711,5
1712,5
1713,5
1714,14
1715,14
1716,5
1717,5
1718,5
1719,5
1720,5
1721,5
1722,5
1723,5
1724,5
1725,5
1726,5
1727,5
1728,5
1729,5
1730,5
1731,5
1732,5
1733,5
1734,5
1735,5
1736,5
1737,5
1738,5
1739,5
1740,5
1741,5
1742,5
1743,5
1744,5
1745,5
1746,5
1747,6
1748,5
1749,5
1750,5
1751,5
1752,5
1753,5
1754,5
1755,5
1756,5
1757,5
1758,5
1759,5
1760,5
1761,5
1762,5
1763,5
1764,5
1765,5
1766,5
1767,5
1768,5
1769,5
1770,5
1771,5
1772,5
1773,5
1774,5
1775,5
1776,5
1777,5
1778,5
1779,5
1780,5
1781,5
1782,5
1783,5
1784,5
1785,5
1786,5
1787,6
1788,5
1789,5
1790,5
1791,5
1792,5
1793,5
1794,5
1795,5
1796,5
1797,5
1798,5
1799,5
1800,5
1801,5
1802,5
1803,6
1804,5
1805,5
1806,5
1807,5
1808,5
1809,5
1810,5
1811,5
1812,5
1813,5
1814,5
1815,5
1816,5
1817,5
1818,5
1819,5
1820,5
1821,5
1822,5
1823,5
1824,5
1825,5
1826,5
1827,5
1828,5
1829,5
1830,5
1831,5
1832,5
1833,5
1834,5
1835,5
1836,5
1837,5
1838,5
1839,5
1840,5
1841,5
1842,5
1843,5
1844,5
1845,5
1846,5
1847,5
1848,5
1849,5
1850,5
1851,5
1852,5
1853,5
1854,5
1855,5
1856,5
1857,6
1858,5
1859,5
1860,14
1861,5
1862,5
1863,5
1864,5
1865,5
1866,5
1867,5
1868,5
1869,5
1870,5
1871,5
1872,5
1873,5
1874,5
1875,5
1876,5
1877,5
1878,5
1879,5
1880,5
1881,5
1882,5
1883,5
1884,5
1885,5
1886,5
1887,5
1888,5
1889,5
1890,5
1891,5
1892,5
1893,5
1894,5
1895,5
1896,5
1897,5
1898,5
1899,5
1900,5
1901,5
1902,13
1903,13
1904,13
1905,13
1906,13
1907,13
1908,13
1909,13
1910,13
1911,13
1912,13
1913,13
1914,13
1915,13
1916,13
1917,13
1918,13
1919,13
1920,13
1921,13
1922,13
1923,13
1924,13
1925,13
1926,13
1927,13
1928,13
1929,13
1930,13
1931,13
1932,13
1933,13
1934,13
1935,13
1936,13
1937,13
1938,13
1939,13
1940,13
1941,13
1942,13
1943,13
1944,13
1945,13
1946,13
1947,13
1948,13
1949,13
1950,13
1951,13
1952,13
1953,13
1954,13
1955,13
1956,13
1957,13
1958,13
1959,13
1960,13
1961,13
1962,13
1963,13
1964,13
1965,13
1966,13
1967,13
1968,13
1969,13
1970,13
1971,13
1972,13
1973,13
1974,13
1975,13
1976,13
1977,13
1978,13
1979,13
1980,13
1981,13
1982,13
1983,13
1984,13
1985,13
1986,13
1987,13
1988,13
1989,13
1990,13
1991,13
1992,13
1993,13
1994,13
1995,13
1996,13
1997,13
1998,13
1999,13
2000,13
2001,13
2002,13
2003,13
2004,13
2005,13
2006,13
2007,13
2008,13
2009,13
2010,13
2011,13
2012,13
2013,13
2014,13
2015,13
2016,13
2017,13
2018,13
2019,13
2020,13
2021,13
2022,13
2023,13
2024,13
2025,13
2026,13
2027,13
2028,13
2029,13
2030,13
2031,13
2032,13
2033,13
2034,13
2035,13
2036,13
2037,13
2038,13
2039,12
2040,13
2041,13
2042,13
2043,13
2044,13
2045,13
2046,13
2047,13
2048,13
2049,13
2050,13
2051,13
2052,13
2053,13
2054,13
2055,13
2056,13
2057,13
2058,13
2059,13
2060,13
2061,13
2062,13
2063,13
2064,13
2065,13
2066,13
2067,13
2068,13
2069,13
2070,13
2071,12
2072,13
2073,13
2074,13
2075,13
2076,13
2077,13
2078,13
2079,13
2080,13
2081,13
2082,13
2083,13
2084,13
2085,13
2086,13
2087,13
2088,13
2089,13
2090,13
2091,13
2092,13
2093,13
2094,13
2095,13
2096,13
2097,13
2098,13
2099,13
2100,13
2101,13
2102,13
2103,13
2104,13
2105,13
2106,13
2107,12
2108,13
2109,13
2110,13
2111,13
2112,13
2113,13
2114,13
2115,13
2116,13
2117,13
2118,13
2119,13
2120,13
2121,13
2122,13
2123,13
2124,13
2125,13
2126,13
2127,13
2128,13
2129,13
2130,13
2131,13
2132,13
2133,13
2134,13
2135,13
2136,13
2137,13
2138,13
2139,13
2140,13
2141,13
2142,13
2143,13
2144,13
2145,13
2146,13
2147,13
2148,13
2149,13
2150,13
2151,13
2152,13
2153,13
2154,13
2155,13
2156,12
2157,13
2158,13
2159,13
2160,13
2161,13
2162,13
2163,13
2164,13
2165,13
2166,13
2167,13
2168,13
2169,13
2170,13
2171,13
2172,13
2173,13
2174,13
2175,13
2176,13
2177,13
2178,13
2179,13
2180,13
2181,13
2182,13
2183,13
2184,13
2185,13
2186,13
2187,13
2188,13
2189,13
2190,13
2191,13
2192,13
2193,13
2194,13
2195,13
2196,13
2197,13
2198,13
2199,13
2200,13
2201,13
2202,13
2203,13
2204,13
2205,13
2206,13
2207,13
2208,13
2209,13
2210,13
2211,13
2212,13
2213,13
2214,13
2215,13
2216,13
2217,13
2218,13
2219,13
2220,13
2221,13
2222,13
2223,13
2224,13
2225,13
2226,13
2227,13
2228,13
2229,13
2230,13
2231,13
2232,13
2233,13
2234,13
2235,13
2236,0
2237,0
2238,0
2239,0
2240,0
2241,0
2242,0
2243,0
2244,0
2245,0
2246,0
2247,0
2248,0
2249,0
2250,0
2251,0
2252,0
2253,0
2254,0
2255,0
2256,0
2257,0
2258,0
2259,0
2260,0
2261,0
2262,0
2263,0
2264,0
2265,0
2266,0
2267,0
2268,0
2269,0
2270,0
2271,0
2272,0
2273,9
2274,0
2275,0
2276,0
2277,0
2278,0
2279,0
2280,0
2281,0
2282,0
2283,0
2284,0
2285,0
2286,0
2287,0
2288,0
2289,0
2290,0
2291,0
2292,0
2293,0
2294,0
2295,0
2296,0
2297,0
2298,0
2299,0
2300,0
2301,0
2302,0
2303,0
2304,0
2305,0
2306,0
2307,0
2308,0
2309,0
2310,0
2311,0
2312,0
2313,0
2314,0
2315,0
2316,0
2317,0
2318,0
2319,0
2320,0
2321,0
2322,0
2323,0
2324,0
2325,0
2326,0
2327,0
2328,0
2329,0
2330,0
2331,0
2332,0
2333,0
2334,0
2335,0
2336,0
2337,0
2338,0
2339,0
2340,0
2341,0
2342,0
2343,0
2344,0
2345,0
2346,0
2347,0
2348,0
2349,0
2350,0
2351,0
2352,0
2353,0
2354,0
2355,0
2356,0
2357,0
2358,0
2359,0
2360,0
2361,0
2362,0
2363,0
2364,0
2365,0
2366,0
2367,0
2368,0
2369,0
2370,0
2371,0
2372,0
2373,0
2374,0
2375,0
2376,0
2377,0
2378,0
2379,0
2380,0
2381,0
2382,0
2383,0
2384,0
2385,0
2386,0
2387,0
2388,0
2389,0
2390,0
2391,0
2392,0
2393,0
2394,0
2395,0
2396,0
2397,0
2398,0
2399,0
2400,0
2401,0
2402,0
2403,0
2404,0
2405,0
2406,0
2407,0
2408,0
2409,0
2410,0
2411,0
2412,0
2413,0
2414,0
2415,0
2416,0
2417,0
2418,0
2419,0
2420,0
2421,0
2422,0
2423,0
2424,0
2425,0
2426,0
2427,0
2428,0
2429,0
2430,0
2431,0
2432,0
2433,0
2434,0
2435,0
2436,0
2437,0
2438,0
2439,0
2440,0
2441,8
2442,0
2443,0
2444,0
2445,0
2446,0
2447,0
2448,0
2449,0
2450,0
2451,0
2452,0
2453,0
2454,0
2455,0
2456,0
2457,0
2458,0
2459,0
2460,0
2461,0
2462,0
2463,0
2464,0
2465,0
2466,0
2467,0
2468,0
2469,0
2470,0
2471,0
2472,0
2473,0
2474,0
2475,0
2476,0
2477,0
2478,0
2479,0
2480,0
2481,0
2482,0
2483,0
2484,0
2485,0
2486,0
2487,0
2488,0
2489,0
2490,0
2491,0
2492,0
2493,0
2494,0
2495,0
2496,0
2497,0
2498,0
2499,0
2500,0
2501,0
2502,0
2503,0
2504,0
2505,0
2506,0
2507,0
2508,0
2509,0
2510,0
2511,0
2512,0
2513,0
2514,0
2515,0
2516,0
2517,0
2518,0
2519,0
2520,0
2521,0
2522,0
2523,0
2524,0
2525,0
2526,0
2527,0
2528,0
2529,0
2530,0
2531,0
2532,0
2533,0
2534,0
2535,0
2536,0
2537,0
2538,0
2539,0
2540,0
2541,0
2542,0
2543,0
2544,0
2545,0
2546,0
2547,0
2548,0
2549,0
2550,0
2551,0
2552,0
2553,0
2554,0
2555,0
2556,0
2557,0
2558,0
2559,0
2560,0
2561,0
2562,0
2563,0
2564,0
2565,0
2566,0
2567,0
2568,0
2569,9
2570,8
2571,8
2572,8
2573,8
2574,8
2575,8
2576,8
2577,8
2578,8
2579,8
2580,8
2581,8
2582,8
2583,8
2584,8
2585,8
2586,8
2587,8
2588,8
2589,8
2590,8
2591,8
2592,8
2593,8
2594,8
2595,8
2596,8
2597,8
2598,8
2599,0
2600,8
2601,8
2602,8
2603,8
2604,8
2605,8
2606,8
2607,8
2608,8
2609,8
2610,8
2611,8
2612,8
2613,8
2614,8
2615,8
2616,8
2617,0
2618,0
2619,8
2620,8
2621,8
2622,8
2623,8
2624,8
2625,8
2626,8
2627,8
2628,8
2629,8
2630,8
2631,8
2632,8
2633,8
2634,8
2635,8
2636,8
2637,8
2638,8
2639,8
2640,8
2641,8
2642,8
2643,8
2644,8
2645,8
2646,8
2647,8
2648,8
2649,8
2650,8
2651,8
2652,8
2653,8
2654,8
2655,8
2656,8
2657,8
2658,8
2659,8
2660,8
2661,8
2662,8
2663,8
2664,8
2665,8
2666,8
2667,8
2668,8
2669,8
2670,8
2671,8
2672,8
2673,8
2674,8
2675,8
2676,8
2677,8
2678,8
2679,8
2680,8
2681,8
2682,8
2683,8
2684,8
2685,8
2686,8
2687,8
2688,8
2689,8
2690,0
2691,8
2692,8
2693,8
2694,8
2695,8
2696,8
2697,8
2698,8
2699,8
2700,8
2701,8
2702,8
2703,8
2704,8
2705,8
2706,8
2707,8
2708,8
2709,8
2710,8
2711,8
2712,8
2713,8
2714,8
2715,8
2716,8
2717,8
2718,8
2719,0
2720,8
2721,8
2722,8
2723,8
2724,8
2725,8
2726,8
2727,8
2728,8
2729,8
2730,8
2731,8
2732,8
2733,8
2734,8
2735,8
2736,8
2737,8
2738,8
2739,8
2740,8
2741,8
2742,8
2743,8
2744,8
2745,8
2746,8
2747,8
2748,8
2749,8
2750,8
2751,8
2752,8
2753,8
2754,8
2755,8
2756,8
2757,8
2758,8
2759,9
2760,8
2761,8
2762,8
2763,8
2764,8
2765,8
2766,8
2767,8
2768,8
2769,8
2770,8
2771,8
2772,8
2773,8
2774,8
2775,8
2776,8
2777,8
2778,8
2779,8
2780,8
2781,8
2782,8
2783,8
2784,8
2785,8
2786,8
2787,8
2788,8
2789,8
2790,8
2791,8
2792,8
2793,8
2794,8
2795,8
2796,8
2797,8
2798,8
2799,8
2800,8
2801,8
2802,8
2803,8
2804,8
2805,8
2806,8
2807,9
2808,8
2809,8
2810,8
2811,8
2812,8
2813,8
2814,8
2815,8
2816,8
2817,8
2818,0
2819,8
2820,8
2821,8
2822,8
2823,8
2824,8
2825,8
2826,8
2827,8
2828,8
2829,8
2830,8
2831,8
2832,8
2833,8
2834,8
2835,8
2836,8
2837,8
2838,8
2839,8
2840,8
2841,8
2842,8
2843,8
2844,8
2845,8
2846,8
2847,8
2848,8
2849,8
2850,8
2851,8
2852,8
2853,8
2854,8
2855,8
2856,8
2857,8
2858,8
2859,8
2860,8
2861,8
2862,8
2863,8
2864,8
2865,8
2866,8
2867,8
2868,8
2869,8
2870,8
2871,8
2872,8
2873,8
2874,8
2875,8
2876,8
2877,8
2878,8
2879,8
2880,8
2881,8
2882,8
2883,8
2884,8
2885,8
2886,8
2887,8
2888,8
2889,8
2890,8
2891,0
2892,8
2893,8
2894,8
2895,8
2896,8
2897,8
2898,8
2899,8
2900,8
2901,8
2902,8
2903,0
2904,8
2905,8
2906,8
2907,8
2908,8
2909,14
2910,7
2911,7
2912,7
2913,7
2914,7
2915,7
2916,7
2917,7
2918,7
2919,7
2920,7
2921,7
2922,7
2923,7
2924,7
2925,7
2926,7
2927,7
2928,14
2929,7
2930,7
2931,7
2932,14
2933,7
2934,7
2935,7
2936,14
2937,7
2938,7
2939,7
2940,14
2941,7
2942,7
2943,14
2944,7
2945,7
2946,7
2947,7
2948,7
2949,7
2950,14
2951,3
2952,7
2953,7
2954,7
2955,7
2956,7
2957,7
2958,7
2959,7
2960,7
2961,7
2962,14
2963,7
2964,14
2965,7
2966,7
2967,7
2968,7
2969,7
2970,7
2971,7
2972,7
2973,7
2974,7
2975,7
2976,14
2977,7
2978,7
2979,7
2980,7
2981,7
2982,7
2983,7
2984,7
2985,14
2986,7
2987,7
2988,14
2989,7
2990,7
2991,7
2992,3
2993,7
2994,7
2995,7
2996,7
2997,7
2998,7
2999,7
3000,14
3001,14
3002,14
3003,14
3004,7
3005,7
3006,14
3007,7
3008,7
3009,7
3010,7
3011,7
3012,14
3013,7
3014,7
3015,7
3016,7
3017,7
3018,14
3019,7
3020,7
3021,14
3022,7
3023,7
3024,14
3025,14
3026,7
3027,7
3028,7
3029,7
3030,14
3031,3
3032,7
3033,7
3034,7
3035,7
3036,7
3037,7
3038,7
3039,7
3040,7
3041,7
3042,7
3043,7
3044,3
3045,14
3046,7
3047,7
3048,7
3049,7
3050,7
3051,14
3052,7
3053,14
3054,3
3055,7
3056,7
3057,7
3058,7
3059,7
3060,7
3061,7
3062,7
3063,14
3064,7
3065,7
3066,14
3067,7
3068,7
3069,7
3070,14
3071,7
3072,14
3073,14
3074,14
3075,14
3076,7
3077,7
3078,7
3079,7
3080,7
3081,7
3082,7
3083,14
3084,7
3085,7
3086,14
3087,14
3088,7
3089,14
3090,14
3091,7
3092,7
3093,7
3094,7
3095,7
3096,7
3097,3
3098,7
3099,7
3100,7
3101,7
3102,14
3103,7
3104,14
3105,7
3106,7
3107,7
3108,7
3109,7
3110,7
3111,7
3112,7
3113,14
3114,7
3115,7
3116,7
3117,7
3118,7
3119,7
3120,7
3121,7
3122,7
3123,7
3124,7
3125,14
3126,7
3127,7
3128,7
3129,7
3130,7
3131,7
3132,7
3133,14
3134,7
3135,7
3136,7
3137,7
3138,7
3139,7
3140,7
3141,7
3142,14
3143,7
3144,14
3145,14
3146,14
3147,7
3148,7
3149,7
3150,7
3151,7
3152,3
3153,14
3154,3
3155,7
3156,7
3157,14
3158,7
3159,7
3160,7
3161,7
3162,7
3163,7
3164,7
3165,14
3166,7
3167,7
3168,7
3169,7
3170,7
3171,7
3172,7
3173,7
3174,14
3175,7
3176,14
3177,7
3178,7
3179,14
3180,7
3181,7
3182,7
3183,7
3184,7
3185,7
3186,7
3187,14
3188,7
3189,7
3190,7
3191,7
3192,7
3193,7
3194,7
3195,7
3196,7
3197,7
3198,14
3199,7
3200,14
3201,7
3202,7
3203,7
3204,7
3205,14
3206,7
3207,7
3208,7
3209,7
3210,14
3211,7
3212,7
3213,14
3214,7
3215,7
3216,7
3217,7
3218,7
3219,7
3220,7
3221,7
3222,14
3223,7
3224,7
3225,7
3226,14
3227,14
3228,7
3229,7
3230,7
3231,14
3232,7
3233,7
3234,7
3235,7
3236,7
3237,7
3238,7
3239,7
3240,14
3241,7
3242,14
3243,14
3244,7
3245,7
3246,7
3247,7
3248,7
3249,7
3250,7
3251,7
3252,7
3253,14
3254,1
3255,1
3256,1
3257,1
3258,1
3259,1
3260,1
3261,1
3262,1
3263,1
3264,1
3265,1
3266,1
3267,1
3268,1
3269,1
3270,1
3271,1
3272,1
3273,1
3274,1
3275,1
3276,1
3277,1
3278,1
3279,1
3280,1
3281,1
3282,1
3283,1
3284,1
3285,1
3286,1
3287,1
3288,1
3289,1
3290,1
3291,1
3292,1
3293,1
3294,1
3295,1
3296,1
3297,1
3298,1
3299,1
3300,1
3301,1
3302,1
3303,1
3304,1
3305,1
3306,1
3307,1
3308,1
3309,1
3310,1
3311,1
3312,1
3313,1
3314,1
3315,1
3316,1
3317,1
3318,1
3319,1
3320,1
3321,1
3322,1
3323,1
3324,1
3325,1
3326,1
3327,1
3328,1
3329,1
3330,1
3331,1
3332,1
3333,1
3334,1
3335,1
3336,1
3337,1
3338,1
3339,1
3340,1
3341,1
3342,1
3343,1
3344,1
3345,1
3346,1
3347,1
3348,1
3349,1
3350,1
3351,1
3352,1
3353,1
3354,1
3355,1
3356,1
3357,1
3358,1
3359,1
3360,1
3361,1
3362,1
3363,1
3364,1
3365,1
3366,1
3367,1
3368,1
3369,1
3370,1
3371,1
3372,1
3373,1
3374,1
3375,1
3376,1
3377,1
3378,1
3379,1
3380,1
3381,1
3382,1
3383,1
3384,1
3385,1
3386,1
3387,1
3388,1
3389,1
3390,1
3391,1
3392,1
3393,1
3394,1
3395,1
3396,1
3397,1
3398,1
3399,1
3400,1
3401,1
3402,1
3403,1
3404,1
3405,1
3406,1
3407,1
3408,1
3409,1
3410,1
3411,1
3412,1
3413,1
3414,1
3415,1
3416,1
3417,1
3418,1
3419,1
3420,1
3421,1
3422,1
3423,1
3424,1
3425,1
3426,1
3427,1
3428,1
3429,1
3430,1
3431,1
3432,1
3433,1
3434,1
3435,1
3436,1
3437,1
3438,1
3439,1
3440,1
3441,1
3442,1
3443,1
3444,1
3445,1
3446,1
3447,1
3448,1
3449,1
3450,1
3451,1
3452,1
3453,1
3454,1
3455,1
3456,1
3457,1
3458,1
3459,1
3460,1
3461,1
3462,1
3463,1
3464,1
3465,1
3466,1
3467,1
3468,1
3469,1
3470,1
3471,1
3472,1
3473,1
3474,1
3475,1
3476,1
3477,1
3478,1
3479,1
3480,1
3481,1
3482,1
3483,1
3484,1
3485,1
3486,1
3487,1
3488,1
3489,1
3490,1
3491,1
3492,1
3493,1
3494,1
3495,1
3496,1
3497,1
3498,1
3499,1
3500,1
3501,1
3502,1
3503,1
3504,1
3505,1
3506,1
3507,1
3508,1
3509,1
3510,1
3511,1
3512,1
3513,1
3514,1
3515,1
3516,1
3517,1
3518,1
3519,1
3520,1
3521,1
3522,1
3523,1
3524,1
3525,1
3526,1
3527,1
3528,1
3529,1
3530,1
3531,1
3532,1
3533,1
3534,7
3535,1
3536,1
3537,1
3538,1
3539,1
3540,1
3541,1
3542,1
3543,7
3544,1
3545,1
3546,1
3547,1
3548,1
3549,1
3550,1
3551,1
3552,1
3553,1
3554,1
3555,7
3556,1
3557,1
3558,1
3559,1
3560,1
3561,1
3562,1
3563,1
3564,1
3565,1
3566,1
3567,1
3568,1
3569,1
3570,1
3571,1
3572,1
3573,1
3574,1
3575,1
3576,1
3577,1
3578,1
3579,1
3580,1
3581,1
3582,1
3583,1
3584,1
3585,1
3586,1
3587,1
3588,1
3589,1
3590,1
3591,1
3592,1
3593,1
3594,1
3595,1
3596,1
3597,1
3598,1
3599,1
3600,3
3601,3
3602,3
3603,3
3604,3
3605,1
3606,3
3607,3
3608,3
3609,3
3610,3
3611,3
3612,3
3613,3
3614,3
3615,3
3616,3
3617,3
3618,3
3619,3
3620,3
3621,3
3622,3
3623,3
3624,3
3625,3
3626,3
3627,3
3628,3
3629,3
3630,3
3631,3
3632,3
3633,3
3634,3
3635,3
3636,3
3637,3
3638,3
3639,3
3640,3
3641,3
3642,3
3643,3
3644,3
3645,3
3646,3
3647,3
3648,3
3649,3
3650,3
3651,3
3652,3
3653,3
3654,3
3655,3
3656,3
3657,3
3658,3
3659,3
3660,3
3661,3
3662,3
3663,3
3664,3
3665,3
3666,3
3667,3
3668,3
3669,3
3670,3
3671,3
3672,3
3673,3
3674,3
3675,3
3676,3
3677,3
3678,3
3679,3
3680,3
3681,3
3682,3
3683,3
3684,3
3685,3
3686,3
3687,3
3688,3
3689,3
3690,3
3691,3
3692,3
3693,3
3694,3
3695,3
3696,3
3697,3
3698,3
3699,3
3700,3
3701,3
3702,3
3703,3
3704,3
3705,3
3706,3
3707,3
3708,3
3709,3
3710,3
3711,3
3712,3
3713,1
3714,3
3715,3
3716,3
3717,3
3718,3
3719,3
3720,3
3721,1
3722,3
3723,3
3724,3
3725,3
3726,3
3727,3
3728,3
3729,3
3730,3
3731,3
3732,3
3733,3
3734,3
3735,3
3736,3
3737,3
3738,3
3739,3
3740,3
3741,3
3742,3
3743,3
3744,3
3745,3
3746,3
3747,3
3748,3
3749,3
3750,3
3751,3
3752,3
3753,3
3754,3
3755,3
3756,3
3757,3
3758,3
3759,3
3760,3
3761,3
3762,3
3763,3
3764,3
3765,3
3766,3
3767,3
3768,3
3769,3
3770,3
3771,3
3772,3
3773,1
3774,3
3775,3
3776,3
3777,3
3778,3
3779,3
3780,3
3781,3
3782,3
3783,3
3784,3
3785,3
3786,3
3787,3
3788,3
3789,3
3790,3
3791,3
3792,3
3793,3
3794,3
3795,3
3796,3
3797,3
3798,3
3799,3
3800,3
3801,3
3802,3
3803,3
3804,3
3805,3
3806,3
3807,3
3808,3
3809,3
3810,3
3811,3
3812,3
3813,3
3814,1
3815,3
3816,3
3817,3
3818,3
3819,3
3820,3
3821,3
3822,3
3823,3
3824,3
3825,3
3826,1
3827,3
3828,3
3829,3
3830,3
3831,3
3832,3
3833,3
3834,3
3835,3
3836,3
3837,3
3838,3
3839,3
3840,3
3841,3
3842,3
3843,3
3844,3
3845,3
3846,3
3847,3
3848,3
3849,3
3850,3
3851,3
3852,1
3853,3
3854,3
3855,3
3856,3
3857,3
3858,3
3859,3
3860,3
3861,3
3862,3
3863,3
3864,3
3865,3
3866,3
3867,3
3868,3
3869,3
3870,3
3871,3
3872,3
3873,3
3874,3
3875,3
3876,3
3877,3
3878,3
3879,3
3880,3
3881,3
3882,3
3883,1
3884,3
3885,3
3886,3
3887,3
3888,3
3889,3
3890,3
3891,1
3892,3
3893,3
3894,3
3895,1
3896,3
3897,3
3898,3
3899,3
3900,3
3901,3
3902,3
3903,1
3904,3
3905,3
3906,3
3907,1
3908,3
3909,3
3910,3
3911,3
3912,3
3913,3
3914,3
3915,3
3916,1
3917,3
3918,3
3919,3
3920,3
3921,3
3922,3
3923,3
3924,3
3925,3
3926,3
3927,3
3928,3
3929,3
3930,3
3931,3
3932,3
3933,3
3934,3
3935,3
3936,3
3937,3
3938,3
3939,3
3940,3
3941,3
3942,3
3943,3
3944,3
3945,3
3946,3
3947,3
3948,3
3949,3
3950,7
3951,7
3952,7
3953,7
3954,7
3955,7
3956,7
3957,7
3958,7
3959,7
3960,7
3961,7
3962,7
3963,7
3964,7
3965,7
3966,7
3967,7
3968,7
3969,7
3970,7
3971,7
3972,7
3973,7
3974,7
3975,7
3976,7
3977,7
3978,7
3979,7
3980,7
3981,7
3982,7
3983,7
3984,7
3985,7
3986,7
3987,7
3988,7
3989,7
3990,7
3991,7
3992,7
3993,7
3994,7
3995,7
3996,7
3997,7
3998,7
3999,7
4000,7
4001,7
4002,7
4003,7
4004,7
4005,7
4006,7
4007,7
4008,7
4009,7
4010,7
4011,7
4012,7
4013,7
4014,7
4015,7
4016,7
4017,7
4018,7
4019,7
4020,7
4021,7
4022,7
4023,7
4024,7
4025,6
4026,7
4027,7
4028,7
4029,7
4030,7
4031,7
4032,7
4033,7
4034,7
4035,7
4036,7
4037,7
4038,7
4039,7
4040,7
4041,7
4042,7
4043,7
4044,7
4045,7
4046,7
4047,7
4048,7
4049,7
4050,7
4051,7
4052,7
4053,7
4054,7
4055,7
4056,7
4057,7
4058,7
4059,7
4060,7
4061,7
4062,7
4063,7
4064,7
4065,7
4066,7
4067,7
4068,7
4069,7
4070,7
4071,7
4072,7
4073,7
4074,7
4075,7
4076,7
4077,7
4078,7
4079,7
4080,7
4081,7
4082,7
4083,7
4084,7
4085,7
4086,7
4087,7
4088,7
4089,7
4090,7
4091,7
4092,7
4093,7
4094,7
4095,7
4096,7
4097,7
4098,7
4099,7
4100,7
4101,7
4102,7
4103,7
4104,7
4105,7
4106,7
4107,7
4108,7
4109,7
4110,7
4111,7
4112,7
4113,7
4114,7
4115,7
4116,7
4117,7
4118,7
4119,7
4120,7
4121,7
4122,7
4123,7
4124,7
4125,7
4126,7
4127,7
4128,7
4129,7
4130,7
4131,7
4132,7
4133,7
4134,7
4135,7
4136,7
4137,7
4138,7
4139,7
4140,7
4141,7
4142,7
4143,7
4144,7
4145,7
4146,7
4147,7
4148,7
4149,7
4150,7
4151,7
4152,7
4153,7
4154,7
4155,7
4156,7
4157,7
4158,7
4159,7
4160,7
4161,7
4162,7
4163,7
4164,7
4165,7
4166,7
4167,7
4168,7
4169,7
4170,7
4171,7
4172,7
4173,7
4174,7
4175,7
4176,7
4177,7
4178,7
4179,7
4180,7
4181,7
4182,7
4183,7
4184,7
4185,7
4186,7
4187,7
4188,7
4189,7
4190,7
4191,7
4192,7
4193,7
4194,7
4195,7
4196,7
4197,7
4198,7
4199,7
4200,7
4201,7
4202,7
4203,7
4204,7
4205,7
4206,7
4207,7
4208,7
4209,7
4210,7
4211,7
4212,7
4213,7
4214,7
4215,7
4216,7
4217,7
4218,7
4219,7
4220,7
4221,7
4222,7
4223,7
4224,7
4225,7
4226,7
4227,7
4228,7
4229,7
4230,7
4231,7
4232,7
4233,7
4234,7
4235,7
4236,7
4237,7
4238,7
4239,7
4240,7
4241,7
4242,7
4243,7
4244,7
4245,7
4246,7
4247,7
4248,7
4249,7
4250,7
4251,7
4252,7
4253,7
4254,7
4255,7
4256,7
4257,7
4258,7
4259,7
4260,7
4261,7
4262,7
4263,7
4264,7
4265,7
4266,7
4267,7
4268,7
4269,7
4270,7
4271,7
4272,7
4273,7
4274,7
4275,7
4276,7
4277,7
4278,7
4279,7
4280,7
4281,7
4282,7
4283,7
4284,7
4285,7
4286,7
4287,7
4288,7
4289,7
4290,7
4291,7
4292,7
4293,7
4294,7
4295,7
4296,7
4297,7
4298,7
4299,7
4300,10
4301,9
4302,10
4303,9
4304,10
4305,11
4306,10
4307,11
4308,10
4309,11
4310,10
4311,10
4312,9
4313,10
4314,11
4315,9
4316,10
4317,11
4318,11
4319,10
4320,10
4321,11
4322,10
4323,11
4324,9
4325,10
4326,10
4327,9
4328,10
4329,10
4330,11
4331,10
4332,10
4333,10
4334,11
4335,10
4336,9
4337,10
4338,10
4339,11
4340,11
4341,11
4342,10
4343,10
4344,11
4345,11
4346,10
4347,10
4348,10
4349,10
4350,10
4351,11
4352,11
4353,10
4354,9
4355,10
4356,10
4357,10
4358,11
4359,8
4360,10
4361,10
4362,10
4363,10
4364,10
4365,5
4366,11
4367,10
4368,9
4369,10
4370,10
4371,11
4372,11
4373,11
4374,10
4375,8
4376,10
4377,10
4378,10
4379,9
4380,9
4381,9
4382,10
4383,11
4384,10
4385,10
4386,11
4387,10
4388,10
4389,9
4390,10
4391,10
4392,9
4393,10
4394,9
4395,11
4396,9
4397,10
4398,10
4399,11
4400,10
4401,10
4402,10
4403,10
4404,11
4405,10
4406,10
4407,10
4408,10
4409,11
4410,10
4411,10
4412,10
4413,11
4414,11
4415,10
4416,10
4417,10
4418,10
4419,10
4420,10
4421,10
4422,10
4423,10
4424,9
4425,10
4426,9
4427,10
4428,10
4429,8
4430,10
4431,11
4432,11
4433,9
4434,11
4435,10
4436,11
4437,10
4438,9
4439,10
4440,10
4441,10
4442,10
4443,10
4444,9
4445,10
4446,10
4447,10
4448,9
4449,10
4450,9
4451,10
4452,10
4453,11
4454,10
4455,10
4456,10
4457,9
4458,11
4459,10
4460,11
4461,10
4462,10
4463,11
4464,9
4465,10
4466,10
4467,10
4468,9
4469,10
4470,10
4471,11
4472,9
4473,11
4474,10
4475,11
4476,10
4477,11
4478,11
4479,11
4480,11
4481,10
4482,10
4483,10
4484,10
4485,10
4486,10
4487,11
4488,10
4489,10
4490,9
4491,9
4492,10
4493,10
4494,11
4495,10
4496,10
4497,10
4498,10
4499,11
4500,9
4501,10
4502,9
4503,10
4504,10
4505,11
4506,9
4507,10
4508,8
4509,10
4510,11
4511,9
4512,10
4513,9
4514,8
4515,9
4516,11
4517,10
4518,9
4519,9
4520,9
4521,10
4522,11
4523,11
4524,9
4525,11
4526,10
4527,10
4528,10
4529,10
4530,6
4531,10
4532,10
4533,11
4534,10
4535,11
4536,9
4537,10
4538,11
4539,10
4540,9
4541,11
4542,10
4543,9
4544,10
4545,10
4546,9
4547,10
4548,9
4549,10
4550,10
4551,10
4552,10
4553,10
4554,10
4555,11
4556,10
4557,10
4558,10
4559,11
4560,11
4561,11
4562,10
4563,10
4564,9
4565,10
4566,10
4567,10
4568,10
4569,11
4570,8
4571,11
4572,10
4573,10
4574,11
4575,11
4576,9
4577,11
4578,10
4579,9
4580,10
4581,10
4582,10
4583,9
4584,10
4585,10
4586,9
4587,11
4588,11
4589,11
4590,9
4591,10
4592,9
4593,10
4594,11
4595,11
4596,10
4597,10
4598,9
4599,11
4600,10
4601,10
4602,10
4603,11
4604,10
4605,11
4606,9
4607,9
4608,11
4609,11
4610,10
4611,11
4612,9
4613,10
4614,11
4615,11
4616,11
4617,11
4618,11
4619,10
4620,9
4621,10
4622,10
4623,9
4624,11
4625,9
4626,10
4627,10
4628,10
4629,10
4630,9
4631,10
4632,10
4633,11
4634,11
4635,11
4636,11
4637,10
4638,10
4639,9
4640,11
4641,6
4642,8
4643,10
4644,9
4645,10
4646,11
4647,10
4648,10
4649,11
4650,4
4651,4
4652,4
4653,4
4654,4
4655,4
4656,4
4657,4
4658,4
4659,4
4660,3
4661,4
4662,4
4663,4
4664,4
4665,4
4666,4
4667,4
4668,4
4669,4
4670,4
4671,4
4672,4
4673,4
4674,4
4675,4
4676,4
4677,4
4678,4
4679,4
4680,4
4681,4
4682,4
4683,4
4684,4
4685,4
4686,4
4687,4
4688,4
4689,4
4690,4
4691,4
4692,3
4693,4
4694,4
4695,4
4696,4
4697,3
4698,4
4699,4
4700,4
4701,4
4702,4
4703,4
4704,4
4705,4
4706,4
4707,4
4708,4
4709,4
4710,4
4711,4
4712,4
4713,4
4714,4
4715,4
4716,4
4717,3
4718,4
4719,4
4720,4
4721,4
4722,4
4723,4
4724,4
4725,4
4726,4
4727,4
4728,4
4729,4
4730,4
4731,4
4732,4
4733,4
4734,4
4735,4
4736,4
4737,4
4738,4
4739,4
4740,4
4741,4
4742,4
4743,4
4744,4
4745,4
4746,4
4747,4
4748,4
4749,4
4750,4
4751,4
4752,4
4753,4
4754,4
4755,4
4756,4
4757,4
4758,4
4759,4
4760,4
4761,4
4762,4
4763,4
4764,4
4765,4
4766,4
4767,4
4768,4
4769,4
4770,4
4771,4
4772,4
4773,4
4774,4
4775,4
4776,4
4777,4
4778,4
4779,4
4780,4
4781,4
4782,4
4783,4
4784,4
4785,4
4786,4
4787,4
4788,4
4789,4
4790,4
4791,4
4792,4
4793,4
4794,4
4795,4
4796,4
4797,4
4798,4
4799,4
4800,4
4801,4
4802,4
4803,4
4804,4
4805,4
4806,4
4807,4
4808,3
4809,4
4810,4
4811,4
4812,4
4813,4
4814,4
4815,4
4816,4
4817,4
4818,4
4819,4
4820,4
4821,4
4822,4
4823,3
4824,4
4825,4
4826,4
4827,4
4828,4
4829,4
4830,4
4831,4
4832,4
4833,4
4834,4
4835,3
4836,4
4837,4
4838,4
4839,4
4840,4
4841,4
4842,4
4843,4
4844,4
4845,4
4846,4
4847,4
4848,4
4849,4
4850,4
4851,4
4852,4
4853,4
4854,4
4855,4
4856,4
4857,4
4858,4
4859,4
4860,3
4861,4
4862,4
4863,4
4864,4
4865,4
4866,4
4867,4
4868,4
4869,4
4870,4
4871,4
4872,4
4873,4
4874,4
4875,4
4876,4
4877,4
4878,4
4879,4
4880,4
4881,4
4882,4
4883,4
4884,4
4885,4
4886,4
4887,4
4888,4
4889,4
4890,4
4891,4
4892,4
4893,4
4894,4
4895,4
4896,4
4897,4
4898,4
4899,4
4900,4
4901,4
4902,4
4903,4
4904,4
4905,4
4906,4
4907,4
4908,4
4909,4
4910,4
4911,4
4912,4
4913,4
4914,4
4915,4
4916,4
4917,4
4918,4
4919,4
4920,4
4921,4
4922,4
4923,4
4924,4
4925,4
4926,4
4927,4
4928,4
4929,4
4930,4
4931,4
4932,4
4933,4
4934,4
4935,4
4936,4
4937,4
4938,4
4939,4
4940,4
4941,3
4942,4
4943,4
4944,4
4945,4
4946,4
4947,4
4948,4
4949,4
4950,4
4951,4
4952,4
4953,4
4954,4
4955,4
4956,4
4957,4
4958,4
4959,4
4960,4
4961,4
4962,4
4963,4
4964,4
4965,4
4966,4
4967,4
4968,4
4969,4
4970,4
4971,4
4972,4
4973,4
4974,4
4975,4
4976,4
4977,4
4978,4
4979,4
4980,4
4981,4
4982,3
4983,4
4984,4
4985,4
4986,4
4987,4
4988,4
4989,4
4990,4
4991,4
4992,4
4993,4
4994,4
4995,4
4996,4
4997,4
4998,4
4999,4
